"U:0","U:1","U:2","p","vtkValidPointMask","arc_length","Points:0","Points:1","Points:2"
nan,nan,nan,nan,0,0,22,-36.585,0
0.00023685,3.0002,-9.5801e-22,1.6976,1,0.069049,22.008,-36.516,0
0.00095684,3.0008,-3.8717e-21,1.6957,1,0.1381,22.016,-36.448,0
0.001655,3.0014,-6.6994e-21,1.6938,1,0.20715,22.024,-36.379,0
0.0023314,3.0021,-9.4411e-21,1.692,1,0.2762,22.032,-36.311,0
0.002986,3.0027,-1.2097e-20,1.6901,1,0.34525,22.04,-36.242,0
0.0036189,3.0033,-1.4668e-20,1.6882,1,0.4143,22.048,-36.173,0
0.0042301,3.0039,-1.7153e-20,1.6864,1,0.48335,22.056,-36.105,0
0.0048198,3.0045,-1.9553e-20,1.6846,1,0.5524,22.064,-36.036,0
0.0053878,3.0052,-2.1868e-20,1.6827,1,0.62145,22.072,-35.968,0
0.0059343,3.0058,-2.4098e-20,1.6809,1,0.6905,22.08,-35.899,0
0.0064593,3.0064,-2.6243e-20,1.6791,1,0.75955,22.088,-35.831,0
0.0069629,3.007,-2.8304e-20,1.6773,1,0.8286,22.096,-35.762,0
0.0074273,3.0077,-3.0064e-20,1.6754,1,0.89765,22.104,-35.693,0
0.0074855,3.0089,-2.7074e-20,1.6712,1,0.9667,22.112,-35.625,0
0.0075319,3.0102,-2.4169e-20,1.6669,1,1.0357,22.12,-35.556,0
0.0075665,3.0115,-2.1352e-20,1.6627,1,1.1048,22.128,-35.488,0
0.0075893,3.0127,-1.8621e-20,1.6585,1,1.1738,22.136,-35.419,0
0.0076004,3.014,-1.5977e-20,1.6544,1,1.2429,22.144,-35.35,0
0.0076016,3.0153,-1.3228e-20,1.6503,1,1.312,22.152,-35.282,0
0.0075921,3.0165,-1.0579e-20,1.6462,1,1.381,22.16,-35.213,0
0.0075707,3.0178,-8.1541e-21,1.6422,1,1.45,22.168,-35.145,0
0.0075374,3.0191,-5.9541e-21,1.6381,1,1.5191,22.176,-35.076,0
0.0074923,3.0204,-3.9782e-21,1.6341,1,1.5881,22.184,-35.008,0
0.0074354,3.0216,-2.2261e-21,1.6301,1,1.6572,22.192,-34.939,0
0.0073666,3.0229,-6.9729e-22,1.626,1,1.7262,22.2,-34.87,0
0.0072497,3.0245,8.9617e-22,1.6211,1,1.7953,22.208,-34.802,0
0.0071039,3.0262,2.5374e-21,1.6157,1,1.8644,22.216,-34.733,0
0.0069558,3.028,4.0504e-21,1.6102,1,1.9334,22.224,-34.665,0
0.0068055,3.0297,5.4355e-21,1.6047,1,2.0024,22.232,-34.596,0
0.0066529,3.0314,6.6928e-21,1.5992,1,2.0715,22.24,-34.527,0
0.0064982,3.0332,7.8227e-21,1.5937,1,2.1405,22.248,-34.459,0
0.0063411,3.0349,8.8251e-21,1.5882,1,2.2096,22.256,-34.39,0
0.0061819,3.0366,9.7006e-21,1.5827,1,2.2787,22.264,-34.322,0
0.0060204,3.0383,1.0449e-20,1.5772,1,2.3477,22.272,-34.253,0
0.0058567,3.04,1.1071e-20,1.5718,1,2.4167,22.28,-34.185,0
0.0056908,3.0418,1.1567e-20,1.5663,1,2.4858,22.288,-34.116,0
0.0055227,3.0435,1.1936e-20,1.5608,1,2.5548,22.296,-34.047,0
0.0053524,3.0452,1.2179e-20,1.5553,1,2.6239,22.304,-33.979,0
0.0050961,3.0472,7.1486e-21,1.5491,1,2.6929,22.312,-33.91,0
0.0048376,3.0492,2.1358e-21,1.543,1,2.762,22.32,-33.842,0
0.0045793,3.0512,-2.7121e-21,1.5368,1,2.831,22.328,-33.773,0
0.0043212,3.0531,-7.3956e-21,1.5306,1,2.9001,22.336,-33.704,0
0.0040633,3.0551,-1.1915e-20,1.5244,1,2.9691,22.344,-33.636,0
0.0038056,3.0571,-1.627e-20,1.5182,1,3.0382,22.352,-33.567,0
0.0035481,3.0591,-2.0462e-20,1.5121,1,3.1072,22.36,-33.499,0
0.0032908,3.0611,-2.449e-20,1.5059,1,3.1763,22.368,-33.43,0
0.0030337,3.0631,-2.8355e-20,1.4997,1,3.2454,22.376,-33.362,0
0.0027767,3.0651,-3.2057e-20,1.4935,1,3.3144,22.384,-33.293,0
0.00252,3.0671,-3.5597e-20,1.4873,1,3.3834,22.392,-33.224,0
0.0022634,3.0691,-3.8974e-20,1.4812,1,3.4525,22.4,-33.156,0
0.0020056,3.0711,-4.0484e-20,1.475,1,3.5215,22.408,-33.087,0
0.0017417,3.0731,-3.3777e-20,1.4687,1,3.5906,22.416,-33.019,0
0.0014792,3.0751,-2.7087e-20,1.4624,1,3.6597,22.424,-32.95,0
0.0012181,3.0771,-2.0413e-20,1.4561,1,3.7287,22.432,-32.881,0
0.00095823,3.0792,-1.3757e-20,1.4498,1,3.7977,22.44,-32.813,0
0.00069983,3.0812,-7.1166e-21,1.4435,1,3.8668,22.448,-32.744,0
0.00044279,3.0832,-4.9321e-22,1.4372,1,3.9358,22.456,-32.676,0
0.00018707,3.0852,6.1135e-21,1.4309,1,4.0049,22.464,-32.607,0
-6.724e-05,3.0872,1.2704e-20,1.4246,1,4.0739,22.472,-32.538,0
-0.00032019,3.0892,1.9278e-20,1.4183,1,4.143,22.48,-32.47,0
-0.00057184,3.0913,2.5835e-20,1.412,1,4.2121,22.488,-32.401,0
-0.00082207,3.0933,3.2376e-20,1.4058,1,4.2811,22.496,-32.333,0
-0.001071,3.0953,3.89e-20,1.3995,1,4.3501,22.504,-32.264,0
-0.0013191,3.0973,4.4254e-20,1.3932,1,4.4192,22.512,-32.196,0
-0.0015691,3.0992,4.4762e-20,1.3871,1,4.4882,22.52,-32.127,0
-0.0018193,3.1012,4.53e-20,1.381,1,4.5573,22.528,-32.058,0
-0.0020697,3.1031,4.5868e-20,1.3749,1,4.6263,22.536,-31.99,0
-0.0023202,3.1051,4.6467e-20,1.3688,1,4.6954,22.544,-31.921,0
-0.0025709,3.107,4.7096e-20,1.3626,1,4.7644,22.552,-31.853,0
-0.0028218,3.1089,4.7755e-20,1.3565,1,4.8335,22.56,-31.784,0
-0.0030728,3.1109,4.8445e-20,1.3504,1,4.9025,22.568,-31.715,0
-0.0033101,3.1129,4.8658e-20,1.3443,1,4.9716,22.576,-31.647,0
-0.0035431,3.1149,4.859e-20,1.3382,1,5.0406,22.584,-31.578,0
-0.0037761,3.1169,4.8381e-20,1.3321,1,5.1097,22.592,-31.51,0
-0.0040093,3.1189,4.803e-20,1.326,1,5.1787,22.6,-31.441,0
-0.0042425,3.1209,4.7538e-20,1.3199,1,5.2478,22.608,-31.373,0
-0.0044753,3.1229,4.6785e-20,1.3138,1,5.3168,22.616,-31.304,0
-0.0046837,3.1248,4.0252e-20,1.3079,1,5.3859,22.624,-31.235,0
-0.0048931,3.1267,3.3973e-20,1.3021,1,5.4549,22.632,-31.167,0
-0.0051035,3.1286,2.7946e-20,1.2963,1,5.524,22.64,-31.098,0
-0.0053151,3.1305,2.217e-20,1.2904,1,5.593,22.648,-31.03,0
-0.0055277,3.1324,1.6647e-20,1.2846,1,5.6621,22.656,-30.961,0
-0.0057413,3.1343,1.1375e-20,1.2788,1,5.7311,22.664,-30.892,0
-0.005956,3.1362,6.3536e-21,1.2729,1,5.8002,22.672,-30.824,0
-0.0061718,3.1381,1.5831e-21,1.2671,1,5.8692,22.68,-30.755,0
-0.0063886,3.1399,-2.9374e-21,1.2613,1,5.9383,22.688,-30.687,0
-0.0066065,3.1418,-7.2078e-21,1.2554,1,6.0073,22.696,-30.618,0
-0.0068254,3.1437,-1.1229e-20,1.2496,1,6.0764,22.704,-30.55,0
-0.0070454,3.1456,-1.5e-20,1.2437,1,6.1454,22.712,-30.481,0
-0.0072664,3.1475,-1.8524e-20,1.2379,1,6.2145,22.72,-30.412,0
-0.0074698,3.1494,-1.8153e-20,1.2322,1,6.2835,22.728,-30.344,0
-0.0076643,3.1512,-1.5853e-20,1.2266,1,6.3526,22.736,-30.275,0
-0.0078604,3.153,-1.3679e-20,1.2209,1,6.4216,22.744,-30.207,0
-0.0080579,3.1549,-1.1631e-20,1.2153,1,6.4907,22.752,-30.138,0
-0.0082569,3.1567,-9.7091e-21,1.2096,1,6.5597,22.76,-30.069,0
-0.0084573,3.1586,-7.9128e-21,1.204,1,6.6288,22.768,-30.001,0
-0.0086593,3.1604,-6.242e-21,1.1983,1,6.6978,22.776,-29.932,0
-0.0088627,3.1622,-4.6965e-21,1.1927,1,6.7669,22.784,-29.864,0
-0.0090675,3.1641,-3.2761e-21,1.187,1,6.8359,22.792,-29.795,0
-0.0092738,3.1659,-1.9807e-21,1.1813,1,6.905,22.8,-29.726,0
-0.0094817,3.1677,-8.1002e-22,1.1757,1,6.974,22.808,-29.658,0
-0.0096909,3.1696,2.3604e-22,1.17,1,7.0431,22.816,-29.589,0
-0.0099016,3.1714,1.1577e-21,1.1643,1,7.1121,22.824,-29.521,0
-0.010105,3.1733,1.9163e-21,1.1587,1,7.1812,22.832,-29.452,0
-0.010205,3.1751,2.1289e-21,1.153,1,7.2502,22.84,-29.384,0
-0.010304,3.1769,2.3426e-21,1.1474,1,7.3193,22.848,-29.315,0
-0.010402,3.1786,2.5573e-21,1.1417,1,7.3883,22.856,-29.246,0
-0.010501,3.1804,2.7731e-21,1.1361,1,7.4574,22.864,-29.178,0
-0.010599,3.1822,2.99e-21,1.1304,1,7.5264,22.872,-29.109,0
-0.010697,3.184,3.2079e-21,1.1247,1,7.5955,22.88,-29.041,0
-0.010794,3.1858,3.4269e-21,1.119,1,7.6645,22.888,-28.972,0
-0.010892,3.1876,3.647e-21,1.1133,1,7.7336,22.896,-28.903,0
-0.010989,3.1894,3.8681e-21,1.1076,1,7.8026,22.904,-28.835,0
-0.011085,3.1912,4.0903e-21,1.1019,1,7.8717,22.912,-28.766,0
-0.011182,3.1931,4.3135e-21,1.0962,1,7.9407,22.92,-28.698,0
-0.011278,3.1949,4.5378e-21,1.0905,1,8.0098,22.928,-28.629,0
-0.011374,3.1967,4.7631e-21,1.0848,1,8.0788,22.936,-28.561,0
-0.011423,3.1985,5.0599e-21,1.079,1,8.1479,22.944,-28.492,0
-0.01136,3.2004,5.4015e-21,1.0732,1,8.2169,22.952,-28.423,0
-0.011294,3.2023,5.5524e-21,1.0673,1,8.286,22.96,-28.355,0
-0.011227,3.2042,5.5129e-21,1.0614,1,8.355,22.968,-28.286,0
-0.011157,3.2062,5.2834e-21,1.0556,1,8.4241,22.976,-28.218,0
-0.011085,3.2081,4.8641e-21,1.0497,1,8.4931,22.984,-28.149,0
-0.011011,3.21,4.0516e-21,1.0437,1,8.5622,22.992,-28.08,0
-0.010936,3.2118,2.7585e-21,1.0378,1,8.6312,23,-28.012,0
-0.010865,3.2137,1.4613e-21,1.0318,1,8.7003,23.008,-27.943,0
-0.010796,3.2155,1.5974e-22,1.0258,1,8.7693,23.016,-27.875,0
-0.010731,3.2174,-1.1456e-21,1.0198,1,8.8384,23.024,-27.806,0
-0.010669,3.2192,-2.4549e-21,1.0137,1,8.9074,23.032,-27.738,0
-0.010609,3.221,-3.7686e-21,1.0077,1,8.9765,23.04,-27.669,0
-0.010553,3.2229,-5.0861e-21,1.0016,1,9.0455,23.048,-27.6,0
-0.010398,3.2247,-7.0723e-21,0.99542,1,9.1146,23.056,-27.532,0
-0.0099947,3.2265,-1.0395e-20,0.989,1,9.1836,23.064,-27.463,0
-0.0095944,3.2283,-1.3253e-20,0.98255,1,9.2527,23.072,-27.395,0
-0.0091967,3.2301,-1.5647e-20,0.97606,1,9.3217,23.08,-27.326,0
-0.0088019,3.2319,-1.7579e-20,0.96955,1,9.3908,23.088,-27.257,0
-0.00841,3.2337,-1.9047e-20,0.963,1,9.4598,23.096,-27.189,0
-0.0080208,3.2355,-2.0054e-20,0.95643,1,9.5289,23.104,-27.12,0
-0.0076345,3.2373,-2.0599e-20,0.94982,1,9.5979,23.112,-27.052,0
-0.007251,3.2391,-2.0683e-20,0.94318,1,9.667,23.12,-26.983,0
-0.0068702,3.2409,-2.0307e-20,0.93651,1,9.736,23.128,-26.915,0
-0.0064922,3.2427,-1.9472e-20,0.92981,1,9.8051,23.136,-26.846,0
-0.0061171,3.2445,-1.8177e-20,0.92308,1,9.8741,23.144,-26.777,0
-0.0057447,3.2464,-1.6423e-20,0.91631,1,9.9432,23.152,-26.709,0
-0.0053751,3.2482,-1.4212e-20,0.90952,1,10.012,23.16,-26.64,0
-0.0049931,3.25,-1.1766e-20,0.90267,1,10.081,23.168,-26.572,0
-0.0042979,3.2522,-1.3796e-20,0.89519,1,10.15,23.176,-26.503,0
-0.0036088,3.2543,-1.5958e-20,0.88766,1,10.219,23.184,-26.434,0
-0.0029257,3.2565,-1.8251e-20,0.8801,1,10.288,23.192,-26.366,0
-0.0022486,3.2587,-2.0675e-20,0.87248,1,10.357,23.2,-26.297,0
-0.0015775,3.2609,-2.3231e-20,0.86482,1,10.427,23.208,-26.229,0
-0.00091238,3.2631,-2.5918e-20,0.85712,1,10.496,23.216,-26.16,0
-0.00025333,3.2653,-2.8735e-20,0.84937,1,10.565,23.224,-26.091,0
0.00039985,3.2675,-3.1684e-20,0.84157,1,10.634,23.232,-26.023,0
0.001047,3.2697,-3.4763e-20,0.83373,1,10.703,23.24,-25.954,0
0.0016882,3.272,-3.7972e-20,0.82584,1,10.772,23.248,-25.886,0
0.0023234,3.2742,-4.1311e-20,0.81791,1,10.841,23.256,-25.817,0
0.0029528,3.2764,-4.4781e-20,0.80994,1,10.91,23.264,-25.749,0
0.0035761,3.2787,-4.838e-20,0.80192,1,10.979,23.272,-25.68,0
0.0041935,3.2809,-5.2109e-20,0.79385,1,11.048,23.28,-25.611,0
0.0051923,3.2833,-5.0462e-20,0.78504,1,11.117,23.288,-25.543,0
0.0064774,3.2858,-4.4902e-20,0.77564,1,11.186,23.296,-25.474,0
0.0077566,3.2882,-3.9613e-20,0.76617,1,11.255,23.304,-25.406,0
0.00903,3.2907,-3.4596e-20,0.75664,1,11.324,23.312,-25.337,0
0.010298,3.2932,-2.9849e-20,0.74705,1,11.393,23.32,-25.268,0
0.011559,3.2957,-2.5374e-20,0.73739,1,11.462,23.328,-25.2,0
0.012815,3.2982,-2.1169e-20,0.72768,1,11.531,23.336,-25.131,0
0.014065,3.3008,-1.7234e-20,0.71789,1,11.6,23.344,-25.063,0
0.01531,3.3033,-1.3569e-20,0.70805,1,11.669,23.352,-24.994,0
0.016548,3.3059,-1.0174e-20,0.69814,1,11.738,23.36,-24.926,0
0.017781,3.3084,-7.0472e-21,0.68817,1,11.808,23.368,-24.857,0
0.019008,3.311,-4.1893e-21,0.67814,1,11.877,23.376,-24.788,0
0.020229,3.3136,-1.6001e-21,0.66804,1,11.946,23.384,-24.72,0
0.021444,3.3162,7.2128e-22,0.65788,1,12.015,23.392,-24.651,0
0.022657,3.3188,2.7657e-21,0.64766,1,12.084,23.4,-24.583,0
0.024396,3.3202,6.1082e-21,0.63606,1,12.153,23.408,-24.514,0
0.026174,3.3218,9.8609e-21,0.62413,1,12.222,23.416,-24.445,0
0.027968,3.3235,1.3615e-20,0.61217,1,12.291,23.424,-24.377,0
0.029777,3.3253,1.7369e-20,0.60017,1,12.36,23.432,-24.308,0
0.031603,3.3271,2.1124e-20,0.58814,1,12.429,23.44,-24.24,0
0.033444,3.3289,2.4881e-20,0.57609,1,12.498,23.448,-24.171,0
0.035301,3.3308,2.8638e-20,0.56399,1,12.567,23.456,-24.103,0
0.037173,3.3328,3.2396e-20,0.55187,1,12.636,23.464,-24.034,0
0.039062,3.3348,3.6155e-20,0.53971,1,12.705,23.472,-23.965,0
0.040966,3.3369,3.9916e-20,0.52752,1,12.774,23.48,-23.897,0
0.042885,3.339,4.3676e-20,0.5153,1,12.843,23.488,-23.828,0
0.044821,3.3411,4.7438e-20,0.50304,1,12.912,23.496,-23.76,0
0.046772,3.3433,5.1202e-20,0.49076,1,12.981,23.504,-23.691,0
0.048738,3.3456,5.4966e-20,0.47844,1,13.05,23.512,-23.622,0
0.05072,3.3479,5.873e-20,0.46609,1,13.119,23.52,-23.554,0
0.054728,3.3501,5.6328e-20,0.44946,1,13.189,23.528,-23.485,0
0.059248,3.3521,5.3012e-20,0.43176,1,13.258,23.536,-23.417,0
0.063884,3.3542,5.0057e-20,0.41383,1,13.327,23.544,-23.348,0
0.068636,3.3562,4.7462e-20,0.39567,1,13.396,23.552,-23.28,0
0.073503,3.3583,4.5228e-20,0.37728,1,13.465,23.56,-23.211,0
0.078485,3.3603,4.3354e-20,0.35866,1,13.534,23.568,-23.142,0
0.083583,3.3623,4.184e-20,0.33981,1,13.603,23.576,-23.074,0
0.088795,3.3643,4.0684e-20,0.32073,1,13.672,23.584,-23.005,0
0.094123,3.3662,3.9887e-20,0.30142,1,13.741,23.592,-22.937,0
0.099565,3.3682,3.9449e-20,0.28188,1,13.81,23.6,-22.868,0
0.10512,3.3701,3.9368e-20,0.26211,1,13.879,23.608,-22.799,0
0.11079,3.372,3.9645e-20,0.24212,1,13.948,23.616,-22.731,0
0.11658,3.3739,4.0279e-20,0.22189,1,14.017,23.624,-22.662,0
0.12248,3.3758,4.127e-20,0.20144,1,14.086,23.632,-22.594,0
0.12849,3.3777,4.2617e-20,0.18076,1,14.155,23.64,-22.525,0
0.1349,3.3809,4.1914e-20,0.15777,1,14.224,23.648,-22.456,0
0.1416,3.3855,3.9166e-20,0.13267,1,14.293,23.656,-22.388,0
0.14831,3.3902,3.6324e-20,0.10719,1,14.362,23.664,-22.319,0
0.15503,3.395,3.3389e-20,0.081329,1,14.431,23.672,-22.251,0
0.16178,3.3999,3.0358e-20,0.055089,1,14.5,23.68,-22.182,0
0.16854,3.405,2.7234e-20,0.02847,1,14.57,23.688,-22.114,0
0.17532,3.4102,2.4016e-20,0.001471,1,14.639,23.696,-22.045,0
0.18212,3.4156,2.0705e-20,-0.025906,1,14.708,23.704,-21.976,0
0.18893,3.4211,1.7299e-20,-0.05366,1,14.777,23.712,-21.908,0
0.19576,3.4267,1.3801e-20,-0.081791,1,14.846,23.72,-21.839,0
0.20261,3.4324,1.0208e-20,-0.1103,1,14.915,23.728,-21.771,0
0.20948,3.4383,6.5228e-21,-0.13919,1,14.984,23.736,-21.702,0
0.21636,3.4443,2.7439e-21,-0.16845,1,15.053,23.744,-21.633,0
0.22326,3.4504,-1.1279e-21,-0.19808,1,15.122,23.752,-21.565,0
0.23018,3.4567,-5.0928e-21,-0.2281,1,15.191,23.76,-21.496,0
0.23712,3.4631,-9.1506e-21,-0.25848,1,15.26,23.768,-21.428,0
0.24597,3.4665,-1.289e-20,-0.31483,1,15.329,23.776,-21.359,0
0.2469,3.4409,1.1886e-21,-0.39182,1,15.398,23.784,-21.291,0
0.25092,3.4268,1.0428e-20,-0.46745,1,15.467,23.792,-21.222,0
0.25805,3.4243,1.4809e-20,-0.54172,1,15.536,23.8,-21.153,0
0.26829,3.4334,1.4311e-20,-0.61461,1,15.605,23.808,-21.085,0
0.28166,3.4541,8.9112e-21,-0.68613,1,15.674,23.816,-21.016,0
0.29817,3.4865,-1.4102e-21,-0.75626,1,15.743,23.824,-20.948,0
0.31697,3.5216,-1.5602e-20,-0.81725,1,15.812,23.832,-20.879,0
0.33316,3.5165,-3.0722e-20,-0.83528,1,15.881,23.84,-20.81,0
0.35031,3.5129,-5.3278e-20,-0.8484,1,15.951,23.848,-20.742,0
0.37281,3.4982,-8.2812e-20,-0.85462,1,16.02,23.856,-20.673,0
0.40214,3.4696,-1.2061e-19,-0.85078,1,16.089,23.864,-20.605,0
0.43232,3.445,-1.6795e-19,-0.83858,1,16.158,23.872,-20.536,0
0.46335,3.4245,-2.2486e-19,-0.81799,1,16.227,23.88,-20.468,0
0.49522,3.408,-2.9138e-19,-0.78897,1,16.296,23.888,-20.399,0
0.52795,3.3956,-3.6756e-19,-0.75149,1,16.365,23.896,-20.33,0
0.56154,3.3872,-4.5343e-19,-0.70552,1,16.434,23.904,-20.262,0
0.58742,3.3754,-4.8064e-19,-0.67385,1,16.503,23.912,-20.193,0
0.60685,3.3618,-4.6054e-19,-0.65471,1,16.572,23.92,-20.125,0
0.62494,3.3511,-4.3433e-19,-0.63482,1,16.641,23.928,-20.056,0
0.63499,3.322,-3.7164e-19,-0.58687,1,16.71,23.936,-19.987,0
0.64435,3.2953,-3.0658e-19,-0.53837,1,16.779,23.944,-19.919,0
0.65421,3.275,-2.4465e-19,-0.49403,1,16.848,23.952,-19.85,0
0.66457,3.2608,-1.8585e-19,-0.45386,1,16.917,23.96,-19.782,0
0.67544,3.253,-1.3021e-19,-0.41788,1,16.986,23.968,-19.713,0
0.68681,3.2514,-7.7721e-20,-0.38611,1,17.055,23.976,-19.645,0
0.6987,3.2562,-2.8406e-20,-0.35856,1,17.124,23.984,-19.576,0
0.7111,3.2673,1.7724e-20,-0.33525,1,17.193,23.992,-19.507,0
0.72401,3.2847,6.0663e-20,-0.31619,1,17.262,24,-19.439,0
0.72123,3.2709,6.3149e-20,-0.30068,1,17.332,24.008,-19.37,0
0.71677,3.253,5.7614e-20,-0.28668,1,17.401,24.016,-19.302,0
0.71343,3.238,5.213e-20,-0.27381,1,17.47,24.024,-19.233,0
0.71122,3.226,4.6698e-20,-0.26208,1,17.539,24.032,-19.164,0
0.71014,3.217,4.1319e-20,-0.25149,1,17.608,24.04,-19.096,0
0.71019,3.2111,3.5992e-20,-0.24205,1,17.677,24.048,-19.027,0
0.71138,3.2082,3.0717e-20,-0.23375,1,17.746,24.056,-18.959,0
0.71371,3.2083,2.5495e-20,-0.2266,1,17.815,24.064,-18.89,0
0.71719,3.2115,2.0326e-20,-0.2206,1,17.884,24.072,-18.821,0
0.71957,3.2136,1.3736e-20,-0.21459,1,17.953,24.08,-18.753,0
0.72021,3.214,4.9758e-21,-0.20758,1,18.022,24.088,-18.684,0
0.72212,3.2183,-4.1202e-21,-0.20088,1,18.091,24.096,-18.616,0
0.72529,3.2265,-1.3553e-20,-0.19449,1,18.16,24.104,-18.547,0
0.72974,3.2388,-2.3325e-20,-0.18841,1,18.229,24.112,-18.479,0
0.7353,3.2543,-3.3292e-20,-0.18253,1,18.298,24.12,-18.41,0
0.73625,3.2454,-3.765e-20,-0.17275,1,18.367,24.128,-18.341,0
0.73772,3.2378,-4.0584e-20,-0.16338,1,18.436,24.136,-18.273,0
0.73972,3.2315,-4.2091e-20,-0.15441,1,18.505,24.144,-18.204,0
0.74223,3.2265,-4.2164e-20,-0.14583,1,18.574,24.152,-18.136,0
0.74357,3.2182,-3.5551e-20,-0.13745,1,18.643,24.16,-18.067,0
0.74418,3.2082,-2.4954e-20,-0.12922,1,18.713,24.168,-17.998,0
0.74542,3.2001,-1.4974e-20,-0.1213,1,18.782,24.176,-17.93,0
0.74729,3.194,-5.6114e-21,-0.11369,1,18.851,24.184,-17.861,0
0.74979,3.1899,3.131e-21,-0.10638,1,18.92,24.192,-17.793,0
0.75293,3.1878,1.1251e-20,-0.099378,1,18.989,24.2,-17.724,0
0.75671,3.1877,1.8746e-20,-0.092686,1,19.058,24.208,-17.656,0
0.76112,3.1896,2.5615e-20,-0.086305,1,19.127,24.216,-17.587,0
0.76618,3.1934,3.1855e-20,-0.080234,1,19.196,24.224,-17.518,0
0.77188,3.1994,3.7464e-20,-0.074476,1,19.265,24.232,-17.45,0
0.77766,3.2059,4.1705e-20,-0.069111,1,19.334,24.24,-17.381,0
0.7822,3.2102,4.2796e-20,-0.064314,1,19.403,24.248,-17.313,0
0.78748,3.217,4.3201e-20,-0.059803,1,19.472,24.256,-17.244,0
0.79349,3.2262,4.2919e-20,-0.055579,1,19.541,24.264,-17.175,0
0.79819,3.2315,4.1029e-20,-0.051199,1,19.61,24.272,-17.107,0
0.79859,3.2232,3.7244e-20,-0.046089,1,19.679,24.28,-17.038,0
0.7993,3.2158,3.4158e-20,-0.041266,1,19.748,24.288,-16.97,0
0.80033,3.2094,3.1773e-20,-0.036731,1,19.817,24.296,-16.901,0
0.80168,3.2039,3.0092e-20,-0.032486,1,19.886,24.304,-16.833,0
0.80334,3.1992,2.9117e-20,-0.028532,1,19.955,24.312,-16.764,0
0.80533,3.1955,2.8851e-20,-0.024869,1,20.024,24.32,-16.695,0
0.80688,3.1911,2.9035e-20,-0.021784,1,20.094,24.328,-16.627,0
0.80778,3.1855,2.8973e-20,-0.019325,1,20.163,24.336,-16.558,0
0.80905,3.181,2.8773e-20,-0.01708,1,20.232,24.344,-16.49,0
0.8107,3.1775,2.8434e-20,-0.015049,1,20.301,24.352,-16.421,0
0.81272,3.1751,2.7956e-20,-0.013234,1,20.37,24.36,-16.352,0
0.81513,3.1738,2.734e-20,-0.011634,1,20.439,24.368,-16.284,0
0.81791,3.1736,2.6583e-20,-0.010251,1,20.508,24.376,-16.215,0
0.82107,3.1744,2.5687e-20,-0.0090854,1,20.577,24.384,-16.147,0
0.82462,3.1764,2.465e-20,-0.0081376,1,20.646,24.392,-16.078,0
0.82855,3.1794,2.3472e-20,-0.0074086,1,20.715,24.4,-16.01,0
0.83286,3.1835,2.2152e-20,-0.0068993,1,20.784,24.408,-15.941,0
0.83735,3.1883,2.0492e-20,-0.0065588,1,20.853,24.416,-15.872,0
0.84083,3.1914,1.7382e-20,-0.006037,1,20.922,24.424,-15.804,0
0.84472,3.1958,1.4265e-20,-0.0056521,1,20.991,24.432,-15.735,0
0.84904,3.2013,1.1142e-20,-0.0054049,1,21.06,24.44,-15.667,0
0.85377,3.2081,8.0129e-21,-0.0052952,1,21.129,24.448,-15.598,0
0.85892,3.2161,4.8769e-21,-0.0053238,1,21.198,24.456,-15.529,0
0.8645,3.2253,1.7345e-21,-0.0054914,1,21.267,24.464,-15.461,0
0.86507,3.2194,-5.7351e-22,-0.005454,1,21.336,24.472,-15.392,0
0.86523,3.2125,-2.4466e-21,-0.0054354,1,21.405,24.48,-15.324,0
0.86554,3.2062,-3.955e-21,-0.0054683,1,21.475,24.488,-15.255,0
0.86601,3.2005,-5.0975e-21,-0.0055522,1,21.544,24.496,-15.186,0
0.86663,3.1954,-5.8729e-21,-0.0056877,1,21.613,24.504,-15.118,0
0.8671,3.1903,-5.5158e-21,-0.0056368,1,21.682,24.512,-15.049,0
0.86707,3.1844,-3.345e-21,-0.0051473,1,21.751,24.52,-14.981,0
0.8672,3.179,-1.1288e-21,-0.0047481,1,21.82,24.528,-14.912,0
0.8675,3.1742,1.1329e-21,-0.0044399,1,21.889,24.536,-14.844,0
0.86796,3.1699,3.4402e-21,-0.0042232,1,21.958,24.544,-14.775,0
0.86858,3.1662,5.7933e-21,-0.0040976,1,22.027,24.552,-14.706,0
0.86937,3.163,8.1923e-21,-0.0040638,1,22.096,24.56,-14.638,0
0.87033,3.1603,1.0637e-20,-0.0041222,1,22.165,24.568,-14.569,0
0.87145,3.1582,1.3128e-20,-0.0042727,1,22.234,24.576,-14.501,0
0.87274,3.1567,1.5666e-20,-0.0045157,1,22.303,24.584,-14.432,0
0.8742,3.1557,1.825e-20,-0.0048515,1,22.372,24.592,-14.363,0
0.87582,3.1553,2.088e-20,-0.0052807,1,22.441,24.6,-14.295,0
0.87762,3.1554,2.3558e-20,-0.0058031,1,22.51,24.608,-14.226,0
0.87853,3.154,2.1735e-20,-0.0059841,1,22.579,24.616,-14.158,0
0.87958,3.1532,1.964e-20,-0.0062524,1,22.648,24.624,-14.089,0
0.88083,3.1528,1.741e-20,-0.0066212,1,22.717,24.632,-14.021,0
0.88225,3.153,1.5042e-20,-0.007091,1,22.786,24.64,-13.952,0
0.88386,3.1538,1.2536e-20,-0.0076624,1,22.856,24.648,-13.883,0
0.88565,3.155,9.8933e-21,-0.0083351,1,22.925,24.656,-13.815,0
0.88763,3.1568,7.1121e-21,-0.0091097,1,22.994,24.664,-13.746,0
0.8898,3.1592,4.1923e-21,-0.0099866,1,23.063,24.672,-13.678,0
0.89214,3.1621,1.1335e-21,-0.010966,1,23.132,24.68,-13.609,0
0.89468,3.1655,-2.0646e-21,-0.012048,1,23.201,24.688,-13.54,0
0.8974,3.1695,-5.4023e-21,-0.013233,1,23.27,24.696,-13.472,0
0.90031,3.174,-8.8804e-21,-0.014521,1,23.339,24.704,-13.403,0
0.90335,3.179,-1.2192e-20,-0.015866,1,23.408,24.712,-13.335,0
0.90577,3.183,-1.1064e-20,-0.016623,1,23.477,24.72,-13.266,0
0.90834,3.1874,-9.7897e-21,-0.017464,1,23.546,24.728,-13.198,0
0.90917,3.1849,-8.423e-21,-0.018684,1,23.615,24.736,-13.129,0
0.90828,3.176,-7.0559e-21,-0.020227,1,23.684,24.744,-13.06,0
0.90744,3.1674,-5.6668e-21,-0.021799,1,23.753,24.752,-12.992,0
0.90667,3.1591,-4.2556e-21,-0.023403,1,23.822,24.76,-12.923,0
0.90595,3.1511,-2.8222e-21,-0.025037,1,23.891,24.768,-12.855,0
0.90529,3.1435,-1.3667e-21,-0.026702,1,23.96,24.776,-12.786,0
0.90468,3.1362,1.1116e-22,-0.028398,1,24.029,24.784,-12.717,0
0.90413,3.1292,1.6113e-21,-0.030124,1,24.098,24.792,-12.649,0
0.90364,3.1225,3.1339e-21,-0.031882,1,24.167,24.8,-12.58,0
0.90321,3.1162,4.6788e-21,-0.033671,1,24.237,24.808,-12.512,0
0.90283,3.1101,6.2463e-21,-0.035491,1,24.306,24.816,-12.443,0
0.90226,3.1043,7.9068e-21,-0.036778,1,24.375,24.824,-12.374,0
0.90155,3.0986,9.5545e-21,-0.037678,1,24.444,24.832,-12.306,0
0.9009,3.0932,1.1111e-20,-0.038623,1,24.513,24.84,-12.237,0
0.9003,3.088,1.2577e-20,-0.039614,1,24.582,24.848,-12.169,0
0.89975,3.083,1.3951e-20,-0.040652,1,24.651,24.856,-12.1,0
0.89925,3.0783,1.5233e-20,-0.041735,1,24.72,24.864,-12.032,0
0.89881,3.0739,1.6424e-20,-0.042865,1,24.789,24.872,-11.963,0
0.89843,3.0697,1.7522e-20,-0.044041,1,24.858,24.88,-11.894,0
0.8981,3.0657,1.8529e-20,-0.045263,1,24.927,24.888,-11.826,0
0.89782,3.062,1.9442e-20,-0.046532,1,24.996,24.896,-11.757,0
0.8976,3.0585,2.0263e-20,-0.047847,1,25.065,24.904,-11.689,0
0.89743,3.0553,2.0991e-20,-0.049209,1,25.134,24.912,-11.62,0
0.89732,3.0524,2.1625e-20,-0.050618,1,25.203,24.92,-11.551,0
0.89727,3.0496,2.2166e-20,-0.052074,1,25.272,24.928,-11.483,0
0.89703,3.047,2.1704e-20,-0.053281,1,25.341,24.936,-11.414,0
0.89657,3.0443,2.0076e-20,-0.054167,1,25.41,24.944,-11.346,0
0.89615,3.0417,1.8435e-20,-0.055102,1,25.479,24.952,-11.277,0
0.89578,3.0394,1.6782e-20,-0.056086,1,25.548,24.96,-11.209,0
0.89546,3.0372,1.5116e-20,-0.057119,1,25.618,24.968,-11.14,0
0.89518,3.0352,1.3438e-20,-0.058201,1,25.687,24.976,-11.071,0
0.89496,3.0334,1.1747e-20,-0.059332,1,25.756,24.984,-11.003,0
0.89478,3.0317,1.0044e-20,-0.060513,1,25.825,24.992,-10.934,0
0.89466,3.0303,8.3287e-21,-0.061744,1,25.894,25,-10.866,0
0.89458,3.029,6.6006e-21,-0.063024,1,25.963,25.008,-10.797,0
0.89455,3.028,4.8599e-21,-0.064354,1,26.032,25.016,-10.728,0
0.89458,3.0271,3.1066e-21,-0.065733,1,26.101,25.024,-10.66,0
0.89465,3.0264,1.3407e-21,-0.067163,1,26.17,25.032,-10.591,0
0.89477,3.0259,-4.379e-22,-0.068642,1,26.239,25.04,-10.523,0
0.89494,3.0255,-2.2292e-21,-0.070172,1,26.308,25.048,-10.454,0
0.89487,3.0251,-3.1483e-21,-0.071626,1,26.377,25.056,-10.386,0
0.89468,3.0246,-3.5668e-21,-0.073053,1,26.446,25.064,-10.317,0
0.89452,3.0242,-3.9438e-21,-0.074518,1,26.515,25.072,-10.248,0
0.8944,3.0239,-4.2792e-21,-0.076022,1,26.584,25.08,-10.18,0
0.89431,3.0237,-4.573e-21,-0.077564,1,26.653,25.088,-10.111,0
0.89425,3.0237,-4.8251e-21,-0.079145,1,26.722,25.096,-10.043,0
0.89423,3.0237,-5.0354e-21,-0.080764,1,26.791,25.104,-9.974,0
0.89424,3.0239,-5.2038e-21,-0.082422,1,26.86,25.112,-9.9054,0
0.89429,3.0242,-5.3302e-21,-0.084118,1,26.929,25.12,-9.8369,0
0.89437,3.0247,-5.4146e-21,-0.085854,1,26.999,25.128,-9.7683,0
0.89448,3.0252,-5.4568e-21,-0.087628,1,27.068,25.136,-9.6997,0
0.89463,3.0259,-5.4567e-21,-0.089441,1,27.137,25.144,-9.6311,0
0.89446,3.0251,-5.3781e-21,-0.091322,1,27.206,25.152,-9.5625,0
0.89295,3.0183,-5.1179e-21,-0.093337,1,27.275,25.16,-9.4939,0
0.89144,3.0116,-4.8166e-21,-0.095369,1,27.344,25.168,-9.4253,0
0.88993,3.0051,-4.4567e-21,-0.09739,1,27.413,25.176,-9.3568,0
0.88834,2.9992,-4.0063e-21,-0.099256,1,27.482,25.184,-9.2882,0
0.88675,2.9933,-3.6117e-21,-0.10113,1,27.551,25.192,-9.2196,0
0.88516,2.9875,-3.2732e-21,-0.10302,1,27.62,25.2,-9.151,0
0.88357,2.9817,-2.9907e-21,-0.10492,1,27.689,25.208,-9.0824,0
0.88198,2.9759,-2.7643e-21,-0.10683,1,27.758,25.216,-9.0138,0
0.88039,2.9702,-2.5942e-21,-0.10876,1,27.827,25.224,-8.9452,0
0.8788,2.9645,-2.4805e-21,-0.11069,1,27.896,25.232,-8.8767,0
0.87722,2.9588,-2.4232e-21,-0.11264,1,27.965,25.24,-8.8081,0
0.87563,2.9532,-2.4224e-21,-0.11459,1,28.034,25.248,-8.7395,0
0.87405,2.9476,-2.4783e-21,-0.11656,1,28.103,25.256,-8.6709,0
0.87246,2.942,-2.5909e-21,-0.11854,1,28.172,25.264,-8.6023,0
0.87088,2.9365,-2.7604e-21,-0.12054,1,28.241,25.272,-8.5337,0
0.86929,2.931,-2.9868e-21,-0.12254,1,28.31,25.28,-8.4651,0
0.86771,2.9255,-3.2702e-21,-0.12456,1,28.38,25.288,-8.3966,0
0.86613,2.9201,-3.6107e-21,-0.12658,1,28.449,25.296,-8.328,0
0.86455,2.9147,-4.0085e-21,-0.12862,1,28.518,25.304,-8.2594,0
0.86292,2.9097,-3.7196e-21,-0.13033,1,28.587,25.312,-8.1908,0
0.86129,2.9049,-3.3175e-21,-0.13199,1,28.656,25.32,-8.1222,0
0.85965,2.9,-2.9343e-21,-0.13366,1,28.725,25.328,-8.0536,0
0.85801,2.8951,-2.5697e-21,-0.13534,1,28.794,25.336,-7.9851,0
0.85636,2.8903,-2.2241e-21,-0.13702,1,28.863,25.344,-7.9165,0
0.85471,2.8855,-1.8972e-21,-0.13872,1,28.932,25.352,-7.8479,0
0.85306,2.8807,-1.5892e-21,-0.14043,1,29.001,25.36,-7.7793,0
0.8514,2.8759,-1.3002e-21,-0.14214,1,29.07,25.368,-7.7107,0
0.84974,2.8711,-1.03e-21,-0.14387,1,29.139,25.376,-7.6421,0
0.84808,2.8663,-7.7876e-22,-0.1456,1,29.208,25.384,-7.5735,0
0.84641,2.8615,-5.4654e-22,-0.14735,1,29.277,25.392,-7.505,0
0.84474,2.8567,-3.3331e-22,-0.1491,1,29.346,25.4,-7.4364,0
0.84306,2.852,-1.3907e-22,-0.15086,1,29.415,25.408,-7.3678,0
0.84138,2.8472,3.6069e-23,-0.15264,1,29.484,25.416,-7.2992,0
0.8397,2.8425,1.9213e-22,-0.15442,1,29.553,25.424,-7.2306,0
0.83801,2.8377,3.2907e-22,-0.15621,1,29.622,25.432,-7.162,0
0.83632,2.833,4.4694e-22,-0.15801,1,29.691,25.44,-7.0935,0
0.83463,2.8285,1.0356e-21,-0.15942,1,29.761,25.448,-7.0249,0
0.83293,2.824,1.864e-21,-0.16065,1,29.83,25.456,-6.9563,0
0.83123,2.8196,2.7199e-21,-0.1619,1,29.899,25.464,-6.8877,0
0.82952,2.8151,3.6034e-21,-0.16314,1,29.968,25.472,-6.8191,0
0.82781,2.8106,4.5143e-21,-0.1644,1,30.037,25.48,-6.7505,0
0.8261,2.8062,5.4529e-21,-0.16566,1,30.106,25.488,-6.6819,0
0.82438,2.8017,6.4191e-21,-0.16693,1,30.175,25.496,-6.6134,0
0.82266,2.7972,7.4129e-21,-0.1682,1,30.244,25.504,-6.5448,0
0.82093,2.7928,8.4343e-21,-0.16949,1,30.313,25.512,-6.4762,0
0.8192,2.7883,9.4835e-21,-0.17078,1,30.382,25.52,-6.4076,0
0.81747,2.7838,1.056e-20,-0.17207,1,30.451,25.528,-6.339,0
0.81573,2.7794,1.1665e-20,-0.17337,1,30.52,25.536,-6.2704,0
0.81399,2.7749,1.2797e-20,-0.17468,1,30.589,25.544,-6.2018,0
0.81224,2.7704,1.3958e-20,-0.176,1,30.658,25.552,-6.1333,0
0.81049,2.7659,1.5146e-20,-0.17732,1,30.727,25.56,-6.0647,0
0.80873,2.7614,1.6362e-20,-0.17865,1,30.796,25.568,-5.9961,0
0.80698,2.7569,1.7605e-20,-0.17999,1,30.865,25.576,-5.9275,0
0.80521,2.7525,1.8877e-20,-0.18133,1,30.934,25.584,-5.8589,0
0.8034,2.748,1.8936e-20,-0.18235,1,31.003,25.592,-5.7903,0
0.80156,2.7437,1.8094e-20,-0.18313,1,31.072,25.6,-5.7217,0
0.79971,2.7393,1.7254e-20,-0.1839,1,31.142,25.608,-5.6532,0
0.79785,2.7349,1.6418e-20,-0.18468,1,31.211,25.616,-5.5846,0
0.79599,2.7305,1.5585e-20,-0.18546,1,31.28,25.624,-5.516,0
0.79413,2.7261,1.4755e-20,-0.18623,1,31.349,25.632,-5.4474,0
0.79225,2.7217,1.3927e-20,-0.18701,1,31.418,25.64,-5.3788,0
0.79038,2.7173,1.3103e-20,-0.18778,1,31.487,25.648,-5.3102,0
0.78849,2.7129,1.2281e-20,-0.18856,1,31.556,25.656,-5.2417,0
0.78661,2.7084,1.1463e-20,-0.18933,1,31.625,25.664,-5.1731,0
0.78471,2.704,1.0647e-20,-0.19011,1,31.694,25.672,-5.1045,0
0.78281,2.6996,9.834e-21,-0.19088,1,31.763,25.68,-5.0359,0
0.78091,2.6951,9.0241e-21,-0.19166,1,31.832,25.688,-4.9673,0
0.779,2.6907,8.2171e-21,-0.19243,1,31.901,25.696,-4.8987,0
0.77708,2.6862,7.4131e-21,-0.1932,1,31.97,25.704,-4.8301,0
0.77516,2.6818,6.612e-21,-0.19398,1,32.039,25.712,-4.7616,0
0.77324,2.6773,5.8138e-21,-0.19475,1,32.108,25.72,-4.693,0
0.77131,2.6728,5.0185e-21,-0.19552,1,32.177,25.728,-4.6244,0
0.76937,2.6684,4.2262e-21,-0.19629,1,32.246,25.736,-4.5558,0
0.76756,2.6639,3.8301e-21,-0.19668,1,32.315,25.744,-4.4872,0
0.76594,2.6593,4.0601e-21,-0.19644,1,32.384,25.752,-4.4186,0
0.76433,2.6548,4.2891e-21,-0.1962,1,32.453,25.76,-4.35,0
0.76271,2.6503,4.5171e-21,-0.19596,1,32.523,25.768,-4.2815,0
0.76108,2.6457,4.7441e-21,-0.19572,1,32.592,25.776,-4.2129,0
0.75946,2.6412,4.9702e-21,-0.19549,1,32.661,25.784,-4.1443,0
0.75782,2.6366,5.1952e-21,-0.19525,1,32.73,25.792,-4.0757,0
0.75619,2.6321,5.4193e-21,-0.19501,1,32.799,25.8,-4.0071,0
0.75455,2.6275,5.6423e-21,-0.19478,1,32.868,25.808,-3.9385,0
0.7529,2.623,5.8644e-21,-0.19454,1,32.937,25.816,-3.87,0
0.75125,2.6184,6.0855e-21,-0.19431,1,33.006,25.824,-3.8014,0
0.7496,2.6139,6.3056e-21,-0.19407,1,33.075,25.832,-3.7328,0
0.74794,2.6093,6.5248e-21,-0.19384,1,33.144,25.84,-3.6642,0
0.74627,2.6048,6.7429e-21,-0.1936,1,33.213,25.848,-3.5956,0
0.74461,2.6002,6.9601e-21,-0.19337,1,33.282,25.856,-3.527,0
0.74293,2.5956,7.1762e-21,-0.19314,1,33.351,25.864,-3.4584,0
0.74126,2.5911,7.3914e-21,-0.1929,1,33.42,25.872,-3.3899,0
0.73958,2.5865,7.6056e-21,-0.19267,1,33.489,25.88,-3.3213,0
0.73789,2.5819,7.8188e-21,-0.19244,1,33.558,25.888,-3.2527,0
0.73621,2.5774,8.031e-21,-0.19221,1,33.627,25.896,-3.1841,0
0.73451,2.5728,8.2422e-21,-0.19197,1,33.696,25.904,-3.1155,0
0.73222,2.5679,8.0441e-21,-0.18995,1,33.765,25.912,-3.0469,0
0.72991,2.5629,7.8295e-21,-0.18786,1,33.834,25.92,-2.9783,0
0.7276,2.558,7.6143e-21,-0.18575,1,33.904,25.928,-2.9098,0
0.7253,2.5531,7.3985e-21,-0.18365,1,33.973,25.936,-2.8412,0
0.72299,2.5481,7.1821e-21,-0.18153,1,34.042,25.944,-2.7726,0
0.72069,2.5432,6.9651e-21,-0.17942,1,34.111,25.952,-2.704,0
0.7184,2.5383,6.7475e-21,-0.17729,1,34.18,25.96,-2.6354,0
0.7161,2.5333,6.5293e-21,-0.17516,1,34.249,25.968,-2.5668,0
0.71381,2.5284,6.3105e-21,-0.17303,1,34.318,25.976,-2.4983,0
0.71152,2.5235,6.091e-21,-0.17089,1,34.387,25.984,-2.4297,0
0.70923,2.5185,5.871e-21,-0.16875,1,34.456,25.992,-2.3611,0
0.70694,2.5136,5.6504e-21,-0.1666,1,34.525,26,-2.2925,0
0.70466,2.5087,5.4292e-21,-0.16444,1,34.594,26.008,-2.2239,0
0.70238,2.5037,5.2073e-21,-0.16228,1,34.663,26.016,-2.1553,0
0.7001,2.4988,4.9849e-21,-0.16012,1,34.732,26.024,-2.0867,0
0.69783,2.4939,4.7619e-21,-0.15795,1,34.801,26.032,-2.0182,0
0.69555,2.489,4.5382e-21,-0.15577,1,34.87,26.04,-1.9496,0
0.69328,2.484,4.314e-21,-0.15359,1,34.939,26.048,-1.881,0
0.69101,2.4791,4.0892e-21,-0.1514,1,35.008,26.056,-1.8124,0
0.68875,2.4742,3.8637e-21,-0.14921,1,35.077,26.064,-1.7438,0
0.68649,2.4693,3.6377e-21,-0.14701,1,35.146,26.072,-1.6752,0
0.6841,2.4644,3.434e-21,-0.14468,1,35.215,26.08,-1.6066,0
0.68068,2.46,3.4155e-21,-0.14128,1,35.285,26.088,-1.5381,0
0.67726,2.4556,3.3975e-21,-0.13786,1,35.354,26.096,-1.4695,0
0.67383,2.4513,3.3803e-21,-0.13442,1,35.423,26.104,-1.4009,0
0.67039,2.4469,3.3636e-21,-0.13095,1,35.492,26.112,-1.3323,0
0.66695,2.4425,3.3476e-21,-0.12746,1,35.561,26.12,-1.2637,0
0.6635,2.4381,3.3322e-21,-0.12396,1,35.63,26.128,-1.1951,0
0.66004,2.4337,3.3175e-21,-0.12043,1,35.699,26.136,-1.1266,0
0.65658,2.4293,3.3034e-21,-0.11688,1,35.768,26.144,-1.058,0
0.65311,2.4248,3.29e-21,-0.1133,1,35.837,26.152,-0.98939,0
0.64964,2.4204,3.2771e-21,-0.10971,1,35.906,26.16,-0.9208,0
0.64616,2.416,3.2649e-21,-0.1061,1,35.975,26.168,-0.85221,0
0.64267,2.4116,3.2534e-21,-0.10246,1,36.044,26.176,-0.78363,0
0.63918,2.4071,3.2425e-21,-0.098801,1,36.113,26.184,-0.71504,0
0.63568,2.4027,3.2322e-21,-0.095122,1,36.182,26.192,-0.64646,0
0.63218,2.3982,3.2226e-21,-0.091421,1,36.251,26.2,-0.57788,0
0.62867,2.3938,3.2135e-21,-0.087699,1,36.32,26.208,-0.50929,0
0.62515,2.3893,3.2052e-21,-0.083955,1,36.389,26.216,-0.44071,0
0.62163,2.3849,3.1974e-21,-0.08019,1,36.458,26.224,-0.37212,0
0.6181,2.3804,3.1903e-21,-0.076403,1,36.527,26.232,-0.30354,0
0.61457,2.3759,3.1838e-21,-0.072595,1,36.596,26.24,-0.23495,0
0.61102,2.3715,3.178e-21,-0.068766,1,36.666,26.248,-0.16636,0
0.60748,2.367,3.1727e-21,-0.064915,1,36.735,26.256,-0.09778,0
0.60392,2.3625,3.1682e-21,-0.061043,1,36.804,26.264,-0.029195,0
0.59942,2.3577,3.0586e-21,-0.057018,1,36.873,26.272,0.03939,0
0.59418,2.3527,2.872e-21,-0.052875,1,36.942,26.28,0.10797,0
0.58892,2.3477,2.6866e-21,-0.048713,1,37.011,26.288,0.17656,0
0.58363,2.3426,2.5025e-21,-0.044532,1,37.08,26.296,0.24514,0
0.5783,2.3376,2.3198e-21,-0.040331,1,37.149,26.304,0.31373,0
0.57295,2.3325,2.1383e-21,-0.036112,1,37.218,26.312,0.38232,0
0.56757,2.3274,1.9581e-21,-0.031874,1,37.287,26.32,0.4509,0
0.56216,2.3222,1.7792e-21,-0.027616,1,37.356,26.328,0.51948,0
0.55673,2.3171,1.6016e-21,-0.023339,1,37.425,26.336,0.58807,0
0.55126,2.3119,1.4253e-21,-0.019044,1,37.494,26.344,0.65666,0
0.54576,2.3067,1.2502e-21,-0.014729,1,37.563,26.352,0.72524,0
0.54023,2.3014,1.0765e-21,-0.010395,1,37.632,26.36,0.79382,0
0.53468,2.2962,9.0406e-22,-0.0060418,1,37.701,26.368,0.86241,0
0.5291,2.2909,7.3291e-22,-0.0016697,1,37.77,26.376,0.93099,0
0.52348,2.2856,5.6305e-22,0.0027217,1,37.839,26.384,0.99958,0
0.51784,2.2803,3.9448e-22,0.0071319,1,37.908,26.392,1.0682,0
0.51217,2.275,2.2721e-22,0.011561,1,37.977,26.4,1.1367,0
0.50647,2.2696,6.1225e-23,0.01601,1,38.047,26.408,1.2053,0
0.5012,2.2659,0,0.019227,1,38.116,26.416,1.2739,0
0.49618,2.263,0,0.021712,1,38.185,26.424,1.3425,0
0.49113,2.2601,0,0.024198,1,38.254,26.432,1.4111,0
0.48605,2.2572,0,0.026685,1,38.323,26.44,1.4797,0
0.48094,2.2543,0,0.029173,1,38.392,26.448,1.5483,0
0.47581,2.2514,0,0.031662,1,38.461,26.456,1.6168,0
0.47064,2.2484,0,0.034153,1,38.53,26.464,1.6854,0
0.46545,2.2454,0,0.036644,1,38.599,26.472,1.754,0
0.46023,2.2424,0,0.039137,1,38.668,26.48,1.8226,0
0.45498,2.2393,0,0.04163,1,38.737,26.488,1.8912,0
0.4497,2.2363,0,0.044125,1,38.806,26.496,1.9598,0
0.44439,2.2332,0,0.046621,1,38.875,26.504,2.0284,0
0.43905,2.2301,0,0.049118,1,38.944,26.512,2.0969,0
0.43369,2.2269,0,0.051617,1,39.013,26.52,2.1655,0
0.4283,2.2237,0,0.054116,1,39.082,26.528,2.2341,0
0.42287,2.2206,0,0.056617,1,39.151,26.536,2.3027,0
0.41742,2.2173,0,0.059118,1,39.22,26.544,2.3713,0
0.41195,2.2141,0,0.061621,1,39.289,26.552,2.4399,0
0.40694,2.2123,0,0.062796,1,39.358,26.56,2.5085,0
0.40215,2.2112,0,0.063348,1,39.428,26.568,2.577,0
0.39733,2.2101,0,0.063889,1,39.497,26.576,2.6456,0
0.39249,2.2089,0,0.064419,1,39.566,26.584,2.7142,0
0.38762,2.2077,0,0.064937,1,39.635,26.592,2.7828,0
0.38272,2.2065,0,0.065445,1,39.704,26.6,2.8514,0
0.3778,2.2052,0,0.065942,1,39.773,26.608,2.92,0
0.37285,2.204,0,0.066427,1,39.842,26.616,2.9885,0
0.36788,2.2027,0,0.066901,1,39.911,26.624,3.0571,0
0.36288,2.2014,0,0.067365,1,39.98,26.632,3.1257,0
0.35786,2.2,0,0.067817,1,40.049,26.64,3.1943,0
0.35281,2.1987,0,0.068258,1,40.118,26.648,3.2629,0
0.34774,2.1973,0,0.068688,1,40.187,26.656,3.3315,0
0.34264,2.1959,0,0.069107,1,40.256,26.664,3.4001,0
0.33752,2.1945,0,0.069515,1,40.325,26.672,3.4686,0
0.33237,2.193,0,0.069911,1,40.394,26.68,3.5372,0
0.32719,2.1915,0,0.070297,1,40.463,26.688,3.6058,0
0.32199,2.19,0,0.070671,1,40.532,26.696,3.6744,0
0.31749,2.1898,0,0.069962,1,40.601,26.704,3.743,0
0.31322,2.1901,0,0.068858,1,40.67,26.712,3.8116,0
0.30893,2.1903,0,0.067735,1,40.739,26.72,3.8802,0
0.30461,2.1905,0,0.066596,1,40.809,26.728,3.9487,0
0.30028,2.1907,0,0.065439,1,40.878,26.736,4.0173,0
0.29593,2.1909,0,0.064264,1,40.947,26.744,4.0859,0
0.29156,2.191,0,0.063072,1,41.016,26.752,4.1545,0
0.28716,2.1911,0,0.061862,1,41.085,26.76,4.2231,0
0.28275,2.1913,0,0.060634,1,41.154,26.768,4.2917,0
0.27831,2.1913,0,0.059389,1,41.223,26.776,4.3602,0
0.27385,2.1914,0,0.058127,1,41.292,26.784,4.4288,0
0.26938,2.1915,0,0.056847,1,41.361,26.792,4.4974,0
0.26488,2.1915,0,0.055549,1,41.43,26.8,4.566,0
0.26036,2.1915,0,0.054235,1,41.499,26.808,4.6346,0
0.25582,2.1915,0,0.052902,1,41.568,26.816,4.7032,0
0.25127,2.1915,0,0.051552,1,41.637,26.824,4.7718,0
0.24669,2.1914,0,0.050184,1,41.706,26.832,4.8403,0
0.24208,2.1914,0,0.048799,1,41.775,26.84,4.9089,0
0.23826,2.1923,0,0.046936,1,41.844,26.848,4.9775,0
0.23463,2.1934,0,0.044937,1,41.913,26.856,5.0461,0
0.23098,2.1945,0,0.04292,1,41.982,26.864,5.1147,0
0.22731,2.1956,0,0.040885,1,42.051,26.872,5.1833,0
0.22363,2.1967,0,0.038832,1,42.12,26.88,5.2519,0
0.21994,2.1977,0,0.036762,1,42.19,26.888,5.3204,0
0.21623,2.1988,0,0.034674,1,42.259,26.896,5.389,0
0.2125,2.1998,0,0.032569,1,42.328,26.904,5.4576,0
0.20876,2.2009,0,0.030446,1,42.397,26.912,5.5262,0
0.20516,2.2024,0,0.028659,1,42.466,26.92,5.5948,0
0.20167,2.2044,0,0.027089,1,42.535,26.928,5.6634,0
0.19816,2.2064,0,0.02549,1,42.604,26.936,5.7319,0
0.19464,2.2084,0,0.02386,1,42.673,26.944,5.8005,0
0.19111,2.2104,0,0.0222,1,42.742,26.952,5.8691,0
0.18756,2.2125,0,0.02051,1,42.811,26.96,5.9377,0
0.184,2.2145,0,0.018791,1,42.88,26.968,6.0063,0
0.18042,2.2166,0,0.017041,1,42.949,26.976,6.0749,0
0.17683,2.2187,0,0.015261,1,43.018,26.984,6.1435,0
0.17399,2.2214,0,0.013507,1,43.087,26.992,6.212,0
0.17128,2.2243,0,0.011735,1,43.156,27,6.2806,0
0.16855,2.2272,0,0.0099358,1,43.225,27.008,6.3492,0
0.16581,2.2301,0,0.0081092,1,43.294,27.016,6.4178,0
0.16306,2.233,0,0.0062549,1,43.363,27.024,6.4864,0
0.1603,2.2359,0,0.004373,1,43.432,27.032,6.555,0
0.15752,2.2389,0,0.0024639,1,43.501,27.04,6.6235,0
0.15474,2.2418,0,0.00052709,1,43.571,27.048,6.6921,0
0.15194,2.2448,0,-0.0014373,1,43.64,27.056,6.7607,0
0.14913,2.2477,0,-0.0034291,1,43.709,27.064,6.8293,0
0.1463,2.2507,0,-0.0054482,1,43.778,27.072,6.8979,0
0.14347,2.2536,0,-0.0074951,1,43.847,27.08,6.9665,0
0.14062,2.2566,0,-0.0095694,1,43.916,27.088,7.0351,0
0.13776,2.2596,0,-0.011671,1,43.985,27.096,7.1036,0
0.13489,2.2626,0,-0.0138,1,44.054,27.104,7.1722,0
0.13201,2.2656,0,-0.015957,1,44.123,27.112,7.2408,0
0.12911,2.2686,0,-0.018141,1,44.192,27.12,7.3094,0
0.1262,2.2717,0,-0.020353,1,44.261,27.128,7.378,0
0.12396,2.2751,0,-0.022221,1,44.33,27.136,7.4466,0
0.12178,2.2786,0,-0.024073,1,44.399,27.144,7.5152,0
0.11959,2.2821,0,-0.025948,1,44.468,27.152,7.5837,0
0.11739,2.2856,0,-0.027846,1,44.537,27.16,7.6523,0
0.11518,2.2891,0,-0.029767,1,44.606,27.168,7.7209,0
0.11296,2.2926,0,-0.031711,1,44.675,27.176,7.7895,0
0.11072,2.2961,0,-0.033678,1,44.744,27.184,7.8581,0
0.10848,2.2996,0,-0.035669,1,44.813,27.192,7.9267,0
0.10623,2.3031,0,-0.037682,1,44.882,27.2,7.9953,0
0.10397,2.3066,0,-0.039718,1,44.952,27.208,8.0638,0
0.1017,2.3102,0,-0.041778,1,45.021,27.216,8.1324,0
0.099414,2.3137,0,-0.043861,1,45.09,27.224,8.201,0
0.097122,2.3173,0,-0.045966,1,45.159,27.232,8.2696,0
0.094819,2.3208,0,-0.048095,1,45.228,27.24,8.3382,0
0.092506,2.3244,0,-0.050247,1,45.297,27.248,8.4068,0
0.090183,2.3279,0,-0.052422,1,45.366,27.256,8.4753,0
0.087849,2.3315,0,-0.05462,1,45.435,27.264,8.5439,0
0.085506,2.3351,0,-0.056842,1,45.504,27.272,8.6125,0
0.083707,2.3389,0,-0.058546,1,45.573,27.28,8.6811,0
0.081925,2.3428,0,-0.060245,1,45.642,27.288,8.7497,0
0.080135,2.3466,0,-0.061962,1,45.711,27.296,8.8183,0
0.078337,2.3505,0,-0.063698,1,45.78,27.304,8.8869,0
0.07653,2.3544,0,-0.065451,1,45.849,27.312,8.9554,0
0.074716,2.3583,0,-0.067223,1,45.918,27.32,9.024,0
0.072893,2.3621,0,-0.069013,1,45.987,27.328,9.0926,0
0.071063,2.366,0,-0.070821,1,46.056,27.336,9.1612,0
0.069224,2.3699,0,-0.072647,1,46.125,27.344,9.2298,0
0.067377,2.3738,0,-0.074492,1,46.194,27.352,9.2984,0
0.065522,2.3777,0,-0.076354,1,46.263,27.36,9.367,0
0.063659,2.3816,0,-0.078235,1,46.333,27.368,9.4355,0
0.061788,2.3855,0,-0.080134,1,46.402,27.376,9.5041,0
0.059908,2.3894,0,-0.08205,1,46.471,27.384,9.5727,0
0.058021,2.3933,0,-0.083985,1,46.54,27.392,9.6413,0
0.056126,2.3972,0,-0.085939,1,46.609,27.4,9.7099,0
0.054222,2.4012,0,-0.08791,1,46.678,27.408,9.7785,0
0.052317,2.4051,0,-0.089891,1,46.747,27.416,9.847,0
0.050858,2.4091,0,-0.091255,1,46.816,27.424,9.9156,0
0.049394,2.4132,0,-0.092632,1,46.885,27.432,9.9842,0
0.047923,2.4173,0,-0.094023,1,46.954,27.44,10.053,0
0.046447,2.4213,0,-0.095428,1,47.023,27.448,10.121,0
0.044964,2.4254,0,-0.096846,1,47.092,27.456,10.19,0
0.043475,2.4295,0,-0.098277,1,47.161,27.464,10.259,0
0.04198,2.4335,0,-0.099723,1,47.23,27.472,10.327,0
0.040479,2.4376,0,-0.10118,1,47.299,27.48,10.396,0
0.038972,2.4417,0,-0.10265,1,47.368,27.488,10.464,0
0.037458,2.4458,0,-0.10414,1,47.437,27.496,10.533,0
0.035939,2.4499,0,-0.10564,1,47.506,27.504,10.601,0
0.034413,2.4539,0,-0.10715,1,47.575,27.512,10.67,0
0.032881,2.458,0,-0.10868,1,47.644,27.52,10.739,0
0.031343,2.4621,0,-0.11022,1,47.714,27.528,10.807,0
0.029799,2.4662,0,-0.11177,1,47.783,27.536,10.876,0
0.028249,2.4703,0,-0.11334,1,47.852,27.544,10.944,0
0.026693,2.4744,0,-0.11492,1,47.921,27.552,11.013,0
0.025154,2.4785,0,-0.11647,1,47.99,27.56,11.082,0
0.023944,2.4827,0,-0.11739,1,48.059,27.568,11.15,0
0.022729,2.4868,0,-0.11832,1,48.128,27.576,11.219,0
0.021509,2.491,0,-0.11926,1,48.197,27.584,11.287,0
0.020285,2.4951,0,-0.12021,1,48.266,27.592,11.356,0
0.019057,2.4993,0,-0.12117,1,48.335,27.6,11.425,0
0.017825,2.5034,0,-0.12214,1,48.404,27.608,11.493,0
0.016588,2.5076,0,-0.12312,1,48.473,27.616,11.562,0
0.015347,2.5117,0,-0.12411,1,48.542,27.624,11.63,0
0.014101,2.5159,0,-0.12511,1,48.611,27.632,11.699,0
0.012851,2.5201,0,-0.12611,1,48.68,27.64,11.767,0
0.011597,2.5242,0,-0.12713,1,48.749,27.648,11.836,0
0.010339,2.5284,0,-0.12816,1,48.818,27.656,11.905,0
0.0090762,2.5326,0,-0.1292,1,48.887,27.664,11.973,0
0.0078091,2.5367,0,-0.13024,1,48.956,27.672,12.042,0
0.0065377,2.5409,0,-0.1313,1,49.025,27.68,12.11,0
0.005262,2.5451,0,-0.13237,1,49.095,27.688,12.179,0
0.0039819,2.5493,0,-0.13344,1,49.164,27.696,12.248,0
0.0027318,2.5534,0,-0.13445,1,49.233,27.704,12.316,0
0.0017236,2.5576,0,-0.13487,1,49.302,27.712,12.385,0
0.00071281,2.5618,0,-0.13531,1,49.371,27.72,12.453,0
-0.00030042,2.5659,0,-0.13575,1,49.44,27.728,12.522,0
-0.0013161,2.5701,0,-0.1362,1,49.509,27.736,12.59,0
-0.0023343,2.5742,0,-0.13665,1,49.578,27.744,12.659,0
-0.003355,2.5784,0,-0.13711,1,49.647,27.752,12.728,0
-0.0043781,2.5826,0,-0.13758,1,49.716,27.76,12.796,0
-0.0054038,2.5867,0,-0.13806,1,49.785,27.768,12.865,0
-0.0064319,2.5909,0,-0.13854,1,49.854,27.776,12.933,0
-0.0074625,2.5951,0,-0.13903,1,49.923,27.784,13.002,0
-0.0084956,2.5993,0,-0.13953,1,49.992,27.792,13.071,0
-0.0095311,2.6034,0,-0.14003,1,50.061,27.8,13.139,0
-0.010569,2.6076,0,-0.14054,1,50.13,27.808,13.208,0
-0.01161,2.6118,0,-0.14106,1,50.199,27.816,13.276,0
-0.012653,2.616,0,-0.14158,1,50.268,27.824,13.345,0
-0.013698,2.6201,0,-0.14211,1,50.337,27.832,13.413,0
-0.014746,2.6243,0,-0.14265,1,50.406,27.84,13.482,0
-0.015754,2.6285,0,-0.1431,1,50.476,27.848,13.551,0
-0.016565,2.6326,0,-0.14309,1,50.545,27.856,13.619,0
-0.017377,2.6368,0,-0.14308,1,50.614,27.864,13.688,0
-0.01819,2.6409,0,-0.14309,1,50.683,27.872,13.756,0
-0.019004,2.6451,0,-0.14309,1,50.752,27.88,13.825,0
-0.019818,2.6492,0,-0.14311,1,50.821,27.888,13.894,0
-0.020634,2.6534,0,-0.14312,1,50.89,27.896,13.962,0
-0.02145,2.6575,0,-0.14315,1,50.959,27.904,14.031,0
-0.022267,2.6617,0,-0.14318,1,51.028,27.912,14.099,0
-0.023084,2.6658,0,-0.14321,1,51.097,27.92,14.168,0
-0.023903,2.67,0,-0.14325,1,51.166,27.928,14.236,0
-0.024722,2.6741,0,-0.1433,1,51.235,27.936,14.305,0
-0.025542,2.6783,0,-0.14335,1,51.304,27.944,14.374,0
-0.026363,2.6824,0,-0.1434,1,51.373,27.952,14.442,0
-0.027184,2.6866,0,-0.14347,1,51.442,27.96,14.511,0
-0.028006,2.6908,0,-0.14354,1,51.511,27.968,14.579,0
-0.02883,2.6949,0,-0.14361,1,51.58,27.976,14.648,0
-0.029653,2.6991,0,-0.14369,1,51.649,27.984,14.717,0
-0.030427,2.7032,0,-0.14367,1,51.718,27.992,14.785,0
-0.031033,2.7074,0,-0.14334,1,51.787,28,14.854,0
-0.031639,2.7115,0,-0.14301,1,51.857,28.008,14.922,0
-0.032244,2.7157,0,-0.14268,1,51.926,28.016,14.991,0
-0.032884,2.7191,0,-0.14234,1,51.995,28.024,15.06,0
-0.03355,2.7221,0,-0.14198,1,52.064,28.032,15.128,0
-0.034215,2.725,0,-0.14163,1,52.133,28.04,15.197,0
-0.034878,2.7279,0,-0.14129,1,52.202,28.048,15.265,0
-0.03554,2.7308,0,-0.14096,1,52.271,28.056,15.334,0
-0.0362,2.7338,0,-0.14064,1,52.34,28.064,15.402,0
-0.036859,2.7367,0,-0.14032,1,52.409,28.072,15.471,0
-0.037517,2.7396,0,-0.14002,1,52.478,28.08,15.54,0
-0.038173,2.7425,0,-0.13972,1,52.547,28.088,15.608,0
-0.038828,2.7454,0,-0.13944,1,52.616,28.096,15.677,0
-0.039481,2.7483,0,-0.13916,1,52.685,28.104,15.745,0
-0.040133,2.7513,0,-0.13889,1,52.754,28.112,15.814,0
-0.040784,2.7542,0,-0.13863,1,52.823,28.12,15.883,0
-0.041433,2.7571,0,-0.13838,1,52.892,28.128,15.951,0
-0.042022,2.76,0,-0.13804,1,52.961,28.136,16.02,0
-0.042465,2.7628,0,-0.13746,1,53.03,28.144,16.088,0
-0.042907,2.7657,0,-0.1369,1,53.099,28.152,16.157,0
-0.043347,2.7686,0,-0.13634,1,53.168,28.16,16.225,0
-0.043786,2.7714,0,-0.13578,1,53.238,28.168,16.294,0
-0.044223,2.7743,0,-0.13524,1,53.307,28.176,16.363,0
-0.044659,2.7771,0,-0.1347,1,53.376,28.184,16.431,0
-0.045093,2.78,0,-0.13416,1,53.445,28.192,16.5,0
-0.045526,2.7829,0,-0.13364,1,53.514,28.2,16.568,0
-0.045957,2.7857,0,-0.13312,1,53.583,28.208,16.637,0
-0.046387,2.7885,0,-0.13261,1,53.652,28.216,16.706,0
-0.046815,2.7914,0,-0.13211,1,53.721,28.224,16.774,0
-0.047242,2.7942,0,-0.13161,1,53.79,28.232,16.843,0
-0.047668,2.7971,0,-0.13112,1,53.859,28.24,16.911,0
-0.048092,2.7999,0,-0.13064,1,53.928,28.248,16.98,0
-0.048515,2.8027,0,-0.13017,1,53.997,28.256,17.048,0
-0.048936,2.8056,0,-0.1297,1,54.066,28.264,17.117,0
-0.049355,2.8084,0,-0.12924,1,54.135,28.272,17.186,0
-0.049717,2.8112,0,-0.12868,1,54.204,28.28,17.254,0
-0.049966,2.814,0,-0.12793,1,54.273,28.288,17.323,0
-0.050215,2.8167,0,-0.12719,1,54.342,28.296,17.391,0
-0.050462,2.8195,0,-0.12645,1,54.411,28.304,17.46,0
-0.050708,2.8222,0,-0.12572,1,54.48,28.312,17.529,0
-0.050953,2.8249,0,-0.125,1,54.549,28.32,17.597,0
-0.051197,2.8277,0,-0.12428,1,54.619,28.328,17.666,0
-0.051439,2.8304,0,-0.12357,1,54.688,28.336,17.734,0
-0.05168,2.8332,0,-0.12286,1,54.757,28.344,17.803,0
-0.05192,2.8359,0,-0.12216,1,54.826,28.352,17.871,0
-0.052159,2.8386,0,-0.12146,1,54.895,28.36,17.94,0
-0.052396,2.8413,0,-0.12077,1,54.964,28.368,18.009,0
-0.052632,2.844,0,-0.12009,1,55.033,28.376,18.077,0
-0.052867,2.8467,0,-0.11941,1,55.102,28.384,18.146,0
-0.0531,2.8495,0,-0.11874,1,55.171,28.392,18.214,0
-0.053333,2.8522,0,-0.11807,1,55.24,28.4,18.283,0
-0.053564,2.8549,0,-0.11741,1,55.309,28.408,18.352,0
-0.053794,2.8576,0,-0.11676,1,55.378,28.416,18.42,0
-0.053954,2.8602,0,-0.11602,1,55.447,28.424,18.489,0
-0.05401,2.8628,0,-0.11514,1,55.516,28.432,18.557,0
-0.054066,2.8654,0,-0.11427,1,55.585,28.44,18.626,0
-0.05412,2.868,0,-0.1134,1,55.654,28.448,18.695,0
-0.054173,2.8706,0,-0.11254,1,55.723,28.456,18.763,0
-0.054225,2.8732,0,-0.11168,1,55.792,28.464,18.832,0
-0.054277,2.8758,0,-0.11083,1,55.861,28.472,18.9,0
-0.054327,2.8784,0,-0.10998,1,55.93,28.48,18.969,0
-0.054377,2.881,0,-0.10914,1,56,28.488,19.037,0
-0.054425,2.8836,0,-0.1083,1,56.069,28.496,19.106,0
-0.054473,2.8861,0,-0.10747,1,56.138,28.504,19.175,0
-0.054519,2.8887,0,-0.10664,1,56.207,28.512,19.243,0
-0.054565,2.8913,0,-0.10582,1,56.276,28.52,19.312,0
-0.05461,2.8938,0,-0.105,1,56.345,28.528,19.38,0
-0.054653,2.8964,0,-0.10419,1,56.414,28.536,19.449,0
-0.054696,2.8989,0,-0.10338,1,56.483,28.544,19.518,0
-0.054738,2.9015,0,-0.10258,1,56.552,28.552,19.586,0
-0.054778,2.904,0,-0.10179,1,56.621,28.56,19.655,0
-0.054766,2.9066,0,-0.10094,1,56.69,28.568,19.723,0
-0.054688,2.9091,0,-0.10003,1,56.759,28.576,19.792,0
-0.054611,2.9115,0,-0.099131,1,56.828,28.584,19.86,0
-0.054532,2.914,0,-0.098232,1,56.897,28.592,19.929,0
-0.054453,2.9165,0,-0.097338,1,56.966,28.6,19.998,0
-0.054374,2.919,0,-0.096448,1,57.035,28.608,20.066,0
-0.054294,2.9215,0,-0.095563,1,57.104,28.616,20.135,0
-0.054213,2.9239,0,-0.094681,1,57.173,28.624,20.203,0
-0.054131,2.9264,0,-0.093803,1,57.242,28.632,20.272,0
-0.05405,2.9288,0,-0.09293,1,57.311,28.64,20.341,0
-0.053967,2.9313,0,-0.092061,1,57.381,28.648,20.409,0
-0.053884,2.9337,0,-0.091196,1,57.45,28.656,20.478,0
-0.0538,2.9362,0,-0.090335,1,57.519,28.664,20.546,0
-0.053716,2.9386,0,-0.089478,1,57.588,28.672,20.615,0
-0.053631,2.9411,0,-0.088626,1,57.657,28.68,20.683,0
-0.053546,2.9435,0,-0.087777,1,57.726,28.688,20.752,0
-0.05346,2.9459,0,-0.086933,1,57.795,28.696,20.821,0
-0.053373,2.9484,0,-0.086093,1,57.864,28.704,20.889,0
-0.053247,2.9508,0,-0.085244,1,57.933,28.712,20.958,0
-0.053081,2.9532,0,-0.084387,1,58.002,28.72,21.026,0
-0.052915,2.9556,0,-0.083532,1,58.071,28.728,21.095,0
-0.052749,2.958,0,-0.082681,1,58.14,28.736,21.164,0
-0.052583,2.9603,0,-0.081832,1,58.209,28.744,21.232,0
-0.052417,2.9627,0,-0.080986,1,58.278,28.752,21.301,0
-0.05225,2.9651,0,-0.080142,1,58.347,28.76,21.369,0
-0.052084,2.9675,0,-0.079302,1,58.416,28.768,21.438,0
-0.051917,2.9698,0,-0.078464,1,58.485,28.776,21.506,0
-0.051749,2.9722,0,-0.07763,1,58.554,28.784,21.575,0
-0.051582,2.9745,0,-0.076798,1,58.623,28.792,21.644,0
-0.051414,2.9769,0,-0.075968,1,58.692,28.8,21.712,0
-0.051246,2.9792,0,-0.075142,1,58.762,28.808,21.781,0
-0.051078,2.9816,0,-0.074319,1,58.831,28.816,21.849,0
-0.05091,2.9839,0,-0.073498,1,58.9,28.824,21.918,0
-0.050741,2.9863,0,-0.07268,1,58.969,28.832,21.987,0
-0.050572,2.9886,0,-0.071865,1,59.038,28.84,22.055,0
-0.050403,2.9909,0,-0.071053,1,59.107,28.848,22.124,0
-0.050204,2.9932,0,-0.070265,1,59.176,28.856,22.192,0
-0.04998,2.9956,0,-0.069497,1,59.245,28.864,22.261,0
-0.049757,2.9979,0,-0.068729,1,59.314,28.872,22.33,0
-0.049534,3.0002,0,-0.067963,1,59.383,28.88,22.398,0
-0.049311,3.0025,0,-0.067197,1,59.452,28.888,22.467,0
-0.049088,3.0048,0,-0.066433,1,59.521,28.896,22.535,0
-0.048864,3.007,0,-0.065669,1,59.59,28.904,22.604,0
-0.048641,3.0093,0,-0.064907,1,59.659,28.912,22.672,0
-0.048417,3.0116,0,-0.064145,1,59.728,28.92,22.741,0
-0.048194,3.0139,0,-0.063385,1,59.797,28.928,22.81,0
-0.04797,3.0162,0,-0.062626,1,59.866,28.936,22.878,0
-0.047719,3.0175,0,-0.061871,1,59.935,28.944,22.947,0
-0.047443,3.0179,0,-0.061121,1,60.004,28.952,23.015,0
-0.047167,3.0184,0,-0.060372,1,60.073,28.96,23.084,0
-0.046892,3.0188,0,-0.059623,1,60.143,28.968,23.153,0
-0.046618,3.0193,0,-0.058874,1,60.212,28.976,23.221,0
-0.046343,3.0197,0,-0.058126,1,60.281,28.984,23.29,0
-0.046069,3.0201,0,-0.057379,1,60.35,28.992,23.358,0
-0.045797,3.0206,0,-0.056693,1,60.419,29,23.427,0
-0.045527,3.021,0,-0.056046,1,60.488,29.008,23.495,0
-0.045257,3.0215,0,-0.055398,1,60.557,29.016,23.564,0
-0.044988,3.0219,0,-0.054749,1,60.626,29.024,23.633,0
-0.044718,3.0223,0,-0.0541,1,60.695,29.032,23.701,0
-0.044449,3.0228,0,-0.05345,1,60.764,29.04,23.77,0
-0.044181,3.0232,0,-0.0528,1,60.833,29.048,23.838,0
-0.043913,3.0236,0,-0.05215,1,60.902,29.056,23.907,0
-0.043645,3.024,0,-0.051499,1,60.971,29.064,23.976,0
-0.043378,3.0244,0,-0.050847,1,61.04,29.072,24.044,0
-0.04311,3.0248,0,-0.050195,1,61.109,29.08,24.113,0
-0.042844,3.0252,0,-0.049543,1,61.178,29.088,24.181,0
-0.042577,3.0256,0,-0.04889,1,61.247,29.096,24.25,0
-0.042311,3.026,0,-0.048236,1,61.316,29.104,24.318,0
-0.042045,3.0264,0,-0.047582,1,61.385,29.112,24.387,0
-0.04178,3.0268,0,-0.046928,1,61.454,29.12,24.456,0
-0.041515,3.0272,0,-0.046273,1,61.524,29.128,24.524,0
-0.04125,3.0276,0,-0.045617,1,61.593,29.136,24.593,0
-0.041006,3.028,0,-0.045042,1,61.662,29.144,24.661,0
-0.040773,3.0284,0,-0.044505,1,61.731,29.152,24.73,0
-0.040539,3.0288,0,-0.043967,1,61.8,29.16,24.799,0
-0.040306,3.0292,0,-0.043427,1,61.869,29.168,24.867,0
-0.040073,3.0296,0,-0.042887,1,61.938,29.176,24.936,0
-0.039841,3.03,0,-0.042346,1,62.007,29.184,25.004,0
-0.039609,3.0304,0,-0.041803,1,62.076,29.192,25.073,0
-0.039377,3.0308,0,-0.04126,1,62.145,29.2,25.142,0
-0.039146,3.0312,0,-0.040715,1,62.214,29.208,25.21,0
-0.038915,3.0316,0,-0.04017,1,62.283,29.216,25.279,0
-0.038684,3.032,0,-0.039623,1,62.352,29.224,25.347,0
-0.038454,3.0323,0,-0.039075,1,62.421,29.232,25.416,0
-0.038224,3.0327,0,-0.038526,1,62.49,29.24,25.484,0
-0.037994,3.0331,0,-0.037976,1,62.559,29.248,25.553,0
-0.037765,3.0334,0,-0.037425,1,62.628,29.256,25.622,0
-0.037536,3.0338,0,-0.036873,1,62.697,29.264,25.69,0
-0.037307,3.0341,0,-0.036319,1,62.766,29.272,25.759,0
-0.037079,3.0345,0,-0.035765,1,62.835,29.28,25.827,0
-0.036878,3.0349,0,-0.035279,1,62.905,29.288,25.896,0
-0.036687,3.0352,0,-0.034818,1,62.974,29.296,25.965,0
-0.036497,3.0356,0,-0.034357,1,63.043,29.304,26.033,0
-0.036307,3.036,0,-0.033894,1,63.112,29.312,26.102,0
-0.036117,3.0364,0,-0.03343,1,63.181,29.32,26.17,0
-0.035928,3.0367,0,-0.032964,1,63.25,29.328,26.239,0
-0.035739,3.0371,0,-0.032498,1,63.319,29.336,26.307,0
-0.03555,3.0374,0,-0.03203,1,63.388,29.344,26.376,0
-0.035361,3.0378,0,-0.031561,1,63.457,29.352,26.445,0
-0.035173,3.0381,0,-0.031091,1,63.526,29.36,26.513,0
-0.034986,3.0385,0,-0.03062,1,63.595,29.368,26.582,0
-0.034798,3.0388,0,-0.030147,1,63.664,29.376,26.65,0
-0.034611,3.0391,0,-0.029674,1,63.733,29.384,26.719,0
-0.034424,3.0395,0,-0.029199,1,63.802,29.392,26.788,0
-0.034238,3.0398,0,-0.028723,1,63.871,29.4,26.856,0
-0.034052,3.0401,0,-0.028246,1,63.94,29.408,26.925,0
-0.033866,3.0404,0,-0.027767,1,64.009,29.416,26.993,0
-0.03368,3.0407,0,-0.027288,1,64.078,29.424,27.062,0
-0.033523,3.0411,0,-0.02686,1,64.147,29.432,27.13,0
-0.033373,3.0414,0,-0.026446,1,64.216,29.44,27.199,0
-0.033224,3.0417,0,-0.026031,1,64.286,29.448,27.268,0
-0.033075,3.0421,0,-0.025615,1,64.355,29.456,27.336,0
-0.032927,3.0424,0,-0.025198,1,64.424,29.464,27.405,0
-0.032779,3.0427,0,-0.02478,1,64.493,29.472,27.473,0
-0.032631,3.043,0,-0.024361,1,64.562,29.48,27.542,0
-0.032483,3.0434,0,-0.023941,1,64.631,29.488,27.611,0
-0.032336,3.0437,0,-0.02352,1,64.7,29.496,27.679,0
-0.032189,3.044,0,-0.023098,1,64.769,29.504,27.748,0
-0.032042,3.0443,0,-0.022675,1,64.838,29.512,27.816,0
-0.031895,3.0446,0,-0.022251,1,64.907,29.52,27.885,0
-0.031749,3.0449,0,-0.021826,1,64.976,29.528,27.953,0
-0.031603,3.0452,0,-0.0214,1,65.045,29.536,28.022,0
-0.031457,3.0455,0,-0.020973,1,65.114,29.544,28.091,0
-0.031312,3.0457,0,-0.020545,1,65.183,29.552,28.159,0
-0.031167,3.046,0,-0.020115,1,65.252,29.56,28.228,0
-0.031022,3.0463,0,-0.019685,1,65.321,29.568,28.296,0
-0.0309,3.0466,0,-0.019301,1,65.39,29.576,28.365,0
-0.030783,3.0469,0,-0.018925,1,65.459,29.584,28.434,0
-0.030666,3.0472,0,-0.018549,1,65.528,29.592,28.502,0
-0.030549,3.0474,0,-0.018171,1,65.597,29.6,28.571,0
-0.030432,3.0477,0,-0.017793,1,65.667,29.608,28.639,0
-0.030316,3.048,0,-0.017414,1,65.736,29.616,28.708,0
-0.0302,3.0483,0,-0.017033,1,65.805,29.624,28.777,0
-0.030084,3.0485,0,-0.016652,1,65.874,29.632,28.845,0
-0.029969,3.0488,0,-0.01627,1,65.943,29.64,28.914,0
-0.029853,3.0491,0,-0.015887,1,66.012,29.648,28.982,0
-0.029738,3.0493,0,-0.015503,1,66.081,29.656,29.051,0
-0.029624,3.0496,0,-0.015118,1,66.15,29.664,29.119,0
-0.029509,3.0498,0,-0.014733,1,66.219,29.672,29.188,0
-0.029395,3.0501,0,-0.014346,1,66.288,29.68,29.257,0
-0.029281,3.0503,0,-0.013958,1,66.357,29.688,29.325,0
-0.029167,3.0505,0,-0.01357,1,66.426,29.696,29.394,0
-0.029054,3.0508,0,-0.013181,1,66.495,29.704,29.462,0
-0.028933,3.0496,0,-0.012786,1,66.564,29.712,29.531,0
-0.028823,3.0478,0,-0.012448,1,66.633,29.72,29.6,0
-0.028715,3.0459,0,-0.012116,1,66.702,29.728,29.668,0
-0.028606,3.044,0,-0.011783,1,66.771,29.736,29.737,0
-0.028498,3.0421,0,-0.011449,1,66.84,29.744,29.805,0
-0.028391,3.0402,0,-0.011115,1,66.909,29.752,29.874,0
-0.028283,3.0383,0,-0.010779,1,66.979,29.76,29.942,0
-0.028175,3.0364,0,-0.010443,1,67.048,29.768,30.011,0
-0.028067,3.0344,0,-0.010106,1,67.117,29.776,30.08,0
-0.02796,3.0325,0,-0.0097683,1,67.186,29.784,30.148,0
-0.027853,3.0305,0,-0.0094297,1,67.255,29.792,30.217,0
-0.027745,3.0286,0,-0.0090902,1,67.324,29.8,30.285,0
-0.027638,3.0266,0,-0.00875,1,67.393,29.808,30.354,0
-0.027531,3.0246,0,-0.0084089,1,67.462,29.816,30.423,0
-0.027424,3.0226,0,-0.008067,1,67.531,29.824,30.491,0
-0.027317,3.0206,0,-0.0077243,1,67.6,29.832,30.56,0
-0.02721,3.0186,0,-0.0073807,1,67.669,29.84,30.628,0
-0.027104,3.0166,0,-0.0070364,1,67.738,29.848,30.697,0
-0.026997,3.0145,0,-0.0066912,1,67.807,29.856,30.765,0
-0.026925,3.0126,0,-0.0063338,1,67.876,29.864,30.834,0
-0.026855,3.0106,0,-0.0059742,1,67.945,29.872,30.903,0
-0.026785,3.0087,0,-0.005613,1,68.014,29.88,30.971,0
-0.026715,3.0067,0,-0.0052501,1,68.083,29.888,31.04,0
-0.026645,3.0047,0,-0.0048856,1,68.152,29.896,31.108,0
-0.026574,3.0028,0,-0.0045195,1,68.221,29.904,31.177,0
-0.026504,3.0008,0,-0.0041518,1,68.29,29.912,31.246,0
-0.026434,2.9988,0,-0.0037825,1,68.359,29.92,31.314,0
-0.026363,2.9968,0,-0.0034115,1,68.429,29.928,31.383,0
-0.026293,2.9948,0,-0.0030389,1,68.498,29.936,31.451,0
-0.026222,2.9928,0,-0.0026647,1,68.567,29.944,31.52,0
-0.026152,2.9908,0,-0.0022889,1,68.636,29.952,31.588,0
-0.026081,2.9887,0,-0.0019115,1,68.705,29.96,31.657,0
-0.026011,2.9867,0,-0.0015324,1,68.774,29.968,31.726,0
-0.02594,2.9847,0,-0.0011518,1,68.843,29.976,31.794,0
-0.025869,2.9826,0,-0.00076946,1,68.912,29.984,31.863,0
-0.025798,2.9806,0,-0.00038553,1,68.981,29.992,31.931,0
-0.025727,2.9785,0,0,1,69.05,30,32,0
